"A bearer token is required.","A bearer token is required."
"A configuration path has three segments, e.g. ""catalog/frontend/grid_per_page"". Got ""%1"".","A configuration path has three segments, e.g. ""catalog/frontend/grid_per_page"". Got ""%1""."
"A product with sku ""%1"" already exists. Use update_product to change it.","A product with sku ""%1"" already exists. Use update_product to change it."
"Give at least a section and a group, e.g. ""catalog/frontend"" for a group or ""catalog/frontend/grid_per_page"" for one value. Got ""%1"".","Give at least a section and a group, e.g. ""catalog/frontend"" for a group or ""catalog/frontend/grid_per_page"" for one value. Got ""%1""."
"No CMS block exists with identifier ""%1"" and block_id %2.","No CMS block exists with identifier ""%1"" and block_id %2."
"No CMS block exists with identifier ""%1"".","No CMS block exists with identifier ""%1""."
"No category exists with id %1.","No category exists with id %1."
"No category exists with id %1. Use get_category_tree to find a valid parent.","No category exists with id %1. Use get_category_tree to find a valid parent."
"No configuration paths are writable. An administrator must list them under Stores > Configuration > Magenx > AI MCP Server > Writable Configuration Paths.","No configuration paths are writable. An administrator must list them under Stores > Configuration > Magenx > AI MCP Server > Writable Configuration Paths."
"No product exists with sku ""%1"".","No product exists with sku ""%1""."
"Nothing is configured at ""%1"" for this scope.","Nothing is configured at ""%1"" for this scope."
"Nothing to update: pass at least one field besides category_id.","Nothing to update: pass at least one field besides category_id."
"Nothing to update: pass at least one field besides sku.","Nothing to update: pass at least one field besides sku."
"Nothing to update: pass title, content or is_active.","Nothing to update: pass title, content or is_active."
"The ""%1"" argument is required.","The ""%1"" argument is required."
"The ""%1"" argument must be a whole number.","The ""%1"" argument must be a whole number."
"The ""%1"" argument must be true or false, not a string or a number.","The ""%1"" argument must be true or false, not a string or a number."
"The ""action"" argument must be ""assign"" or ""remove"".","The ""action"" argument must be ""assign"" or ""remove""."
"The ""price"" argument must be a number.","The ""price"" argument must be a number."
"The ""value"" argument is required.","The ""value"" argument is required."
"The ""value"" argument must be a string, number, boolean or null.","The ""value"" argument must be a string, number, boolean or null."
"The access token is invalid or has been revoked.","The access token is invalid or has been revoked."
"The access token is not bound to a user.","The access token is not bound to a user."
"The access token is not bound to an integration.","The access token is not bound to an integration."
"The admin token has expired. Use an Integration access token, which does not expire.","The admin token has expired. Use an Integration access token, which does not expire."
"The identifier ""%1"" matches %2 CMS blocks (block_id %3). Pass block_id to say which one to change.","The identifier ""%1"" matches %2 CMS blocks (block_id %3). Pass block_id to say which one to change."
"The path ""%1"" is not in the store's writable configuration paths.","The path ""%1"" is not in the store's writable configuration paths."
"The path ""%1"" is protected and cannot be written through this server.","The path ""%1"" is protected and cannot be written through this server."
"The path ""%1"" looks like it holds a credential. Secret-bearing paths cannot be written through this server; change it in the Magento admin instead.","The path ""%1"" looks like it holds a credential. Secret-bearing paths cannot be written through this server; change it in the Magento admin instead."
"This source address is not permitted.","This source address is not permitted."
"This store has no root category to read the tree from.","This store has no root category to read the tree from."
"This token type cannot be used with the MCP endpoint.","This token type cannot be used with the MCP endpoint."
"Unknown cache types: %1. Available types are: %2.","Unknown cache types: %1. Available types are: %2."
"Unknown indexers: %1. Use indexer_status to list the valid ids.","Unknown indexers: %1. Use indexer_status to list the valid ids."
"Unknown store code ""%1"". Call list_stores to see the available codes.","Unknown store code ""%1"". Call list_stores to see the available codes."
